filename,label,category
cat/000033/00.png,33,cat
cat/000040/03.png,40,cat
cat/000042/04.png,42,cat
cat/000049/00.png,49,cat
cat/000052/02.png,52,cat
cat/000053/05.png,53,cat
cat/000057/00.png,57,cat
cat/000060/00.png,60,cat
cat/000061/00.png,61,cat
cat/000068/01.png,68,cat
cat/000073/05.png,73,cat
cat/000074/05.png,74,cat
cat/000079/03.png,79,cat
cat/000081/04.png,81,cat
cat/000092/04.png,92,cat
cat/000095/00.png,95,cat
cat/000096/00.png,96,cat
cat/000107/00.png,107,cat
cat/000110/04.png,110,cat
cat/000111/03.png,111,cat
cat/000116/05.png,116,cat
cat/000119/01.png,119,cat
cat/000120/01.png,120,cat
cat/000122/01.png,122,cat
cat/000123/06.png,123,cat
cat/000125/04.png,125,cat
cat/000132/04.png,132,cat
cat/000136/03.png,136,cat
cat/000137/01.png,137,cat
cat/000142/04.png,142,cat
cat/000162/01.png,162,cat
cat/000163/05.png,163,cat
cat/000170/02.png,170,cat
cat/000171/05.png,171,cat
cat/000173/00.png,173,cat
cat/000180/03.png,180,cat
cat/000187/00.png,187,cat
cat/000188/04.png,188,cat
cat/000189/01.png,189,cat
cat/000208/01.png,208,cat
cat/000232/04.png,232,cat
cat/000240/03.png,240,cat
cat/000253/02.png,253,cat
cat/000259/02.png,259,cat
cat/000262/05.png,262,cat
cat/000268/03.png,268,cat
cat/000270/01.png,270,cat
cat/000273/03.png,273,cat
cat/000275/00.png,275,cat
cat/000276/04.png,276,cat
cat/000277/02.png,277,cat
cat/000278/04.png,278,cat
cat/000279/00.png,279,cat
cat/000280/04.png,280,cat
cat/000281/02.png,281,cat
cat/000282/05.png,282,cat
cat/000283/00.png,283,cat
cat/000284/02.png,284,cat
cat/000285/02.png,285,cat
cat/000286/01.png,286,cat
cat/000289/01.png,289,cat
cat/000305/00.png,305,cat
cat/000308/01.png,308,cat
cat/000321/02.png,321,cat
cat/000322/02.png,322,cat
cat/000328/01.png,328,cat
cat/000335/01.png,335,cat
cat/000338/00.png,338,cat
cat/000339/04.png,339,cat
cat/000347/01.png,347,cat
cat/000349/00.png,349,cat
cat/000352/02.png,352,cat
cat/000356/00.png,356,cat
cat/000357/01.png,357,cat
cat/000358/00.png,358,cat
cat/000363/01.png,363,cat
cat/000369/05.png,369,cat
cat/000378/00.png,378,cat
cat/000380/00.png,380,cat
cat/000381/04.png,381,cat
cat/000397/03.png,397,cat
cat/000400/02.png,400,cat
cat/000406/02.png,406,cat
cat/000407/01.png,407,cat
cat/000421/05.png,421,cat
cat/000422/03.png,422,cat
cat/000424/02.png,424,cat
cat/000452/05.png,452,cat
cat/000459/01.png,459,cat
cat/000465/02.png,465,cat
cat/000471/05.png,471,cat
cat/000482/05.png,482,cat
cat/000483/00.png,483,cat
cat/000484/02.png,484,cat
cat/000488/02.png,488,cat
cat/000507/04.png,507,cat
cat/000514/01.png,514,cat
cat/000523/01.png,523,cat
cat/000531/00.png,531,cat
cat/000566/04.png,566,cat
cat/000577/01.png,577,cat
cat/000581/04.png,581,cat
cat/000593/05.png,593,cat
cat/000626/02.png,626,cat
cat/000631/00.png,631,cat
cat/000633/04.png,633,cat
cat/000636/00.png,636,cat
cat/000649/05.png,649,cat
cat/000653/04.png,653,cat
cat/000814/03.png,814,cat
cat/000818/05.png,818,cat
cat/000822/05.png,822,cat
cat/000827/03.png,827,cat
cat/000832/02.png,832,cat
cat/000845/02.png,845,cat
cat/000852/02.png,852,cat
cat/000853/01.png,853,cat
cat/000854/02.png,854,cat
cat/000859/03.png,859,cat
cat/000862/05.png,862,cat
cat/000867/01.png,867,cat
cat/000873/03.png,873,cat
cat/000887/02.png,887,cat
cat/000893/03.png,893,cat
cat/000902/05.png,902,cat
cat/000903/05.png,903,cat
cat/000905/00.png,905,cat
cat/000906/03.png,906,cat
cat/000908/01.png,908,cat
cat/000912/03.png,912,cat
cat/000913/04.png,913,cat
cat/000917/03.png,917,cat
cat/000930/04.png,930,cat
cat/000931/05.png,931,cat
cat/000934/02.png,934,cat
cat/000944/04.png,944,cat
cat/000955/01.png,955,cat
cat/000958/01.png,958,cat
cat/000970/05.png,970,cat
cat/000971/05.png,971,cat
cat/000976/03.png,976,cat
cat/000979/04.png,979,cat
cat/000980/04.png,980,cat
cat/000982/03.png,982,cat
cat/000985/01.png,985,cat
cat/000986/05.png,986,cat
cat/000994/01.png,994,cat
cat/000995/03.png,995,cat
cat/000999/04.png,999,cat
cat/001000/03.png,1000,cat
cat/001013/02.png,1013,cat
cat/001020/05.png,1020,cat
cat/001021/02.png,1021,cat
cat/001022/00.png,1022,cat
cat/001035/04.png,1035,cat
cat/001036/05.png,1036,cat
cat/001037/02.png,1037,cat
cat/001044/03.png,1044,cat
cat/001048/04.png,1048,cat
cat/001053/05.png,1053,cat
cat/001055/03.png,1055,cat
cat/001062/03.png,1062,cat
cat/001070/03.png,1070,cat
cat/001076/01.png,1076,cat
cat/001090/04.png,1090,cat
cat/001099/05.png,1099,cat
cat/001103/01.png,1103,cat
cat/001105/01.png,1105,cat
cat/001109/02.png,1109,cat
cat/001134/02.png,1134,cat
cat/001145/04.png,1145,cat
cat/001147/03.png,1147,cat
cat/001151/00.png,1151,cat
cat/001153/04.png,1153,cat
cat/001163/02.png,1163,cat
cat/001167/01.png,1167,cat
cat/001174/02.png,1174,cat
cat/001177/00.png,1177,cat
cat/001195/03.png,1195,cat
cat/001197/05.png,1197,cat
cat/001218/05.png,1218,cat
cat/001219/05.png,1219,cat
cat/001220/02.png,1220,cat
cat/001221/02.png,1221,cat
cat/001229/03.png,1229,cat
cat/001231/01.png,1231,cat
cat/001233/01.png,1233,cat
cat/001235/04.png,1235,cat
cat/001247/05.png,1247,cat
cat/001248/02.png,1248,cat
cat/001249/02.png,1249,cat
cat/001254/03.png,1254,cat
cat/001263/05.png,1263,cat
cat/001267/01.png,1267,cat
cat/001270/05.png,1270,cat
cat/001274/01.png,1274,cat
cat/001277/00.png,1277,cat
cat/001279/02.png,1279,cat
cat/001283/00.png,1283,cat
cat/001284/04.png,1284,cat
cat/001286/00.png,1286,cat
cat/001293/02.png,1293,cat
cat/001296/04.png,1296,cat
cat/001304/01.png,1304,cat
cat/001308/02.png,1308,cat
cat/001312/05.png,1312,cat
cat/001316/03.png,1316,cat
cat/001319/05.png,1319,cat
cat/001324/02.png,1324,cat
cat/001334/03.png,1334,cat
cat/001337/02.png,1337,cat
cat/001344/00.png,1344,cat
cat/001348/01.png,1348,cat
cat/001365/00.png,1365,cat
cat/001366/00.png,1366,cat
cat/001370/02.png,1370,cat
cat/001371/03.png,1371,cat
cat/001372/04.png,1372,cat
cat/001375/04.png,1375,cat
cat/001377/04.png,1377,cat
cat/001388/03.png,1388,cat
cat/001392/01.png,1392,cat
cat/001399/02.png,1399,cat
cat/001403/02.png,1403,cat
cat/001404/05.png,1404,cat
cat/001407/01.png,1407,cat
cat/001408/03.png,1408,cat
cat/001412/00.png,1412,cat
cat/001414/03.png,1414,cat
cat/001417/03.png,1417,cat
cat/001425/05.png,1425,cat
cat/001436/01.png,1436,cat
cat/001441/00.png,1441,cat
cat/001450/02.png,1450,cat
cat/001454/04.png,1454,cat
cat/001455/01.png,1455,cat
cat/001465/05.png,1465,cat
cat/001472/00.png,1472,cat
cat/001479/05.png,1479,cat
cat/001483/04.png,1483,cat
cat/001484/05.png,1484,cat
cat/001487/01.png,1487,cat
cat/001492/00.png,1492,cat
cat/001496/05.png,1496,cat
cat/001502/00.png,1502,cat
cat/001505/01.png,1505,cat
cat/001510/03.png,1510,cat
cat/001511/03.png,1511,cat
cat/001512/00.png,1512,cat
cat/113587/00.png,113587,cat
chimp/000000/05.png,0,chimp
chimp/000001/00.png,1,chimp
chimp/000002/11.png,2,chimp
chimp/000003/00.png,3,chimp
chimp/000004/00.png,4,chimp
chimp/000005/07.png,5,chimp
chimp/000006/03.png,6,chimp
chimp/000007/00.png,7,chimp
chimp/000008/05.png,8,chimp
chimp/000009/00.png,9,chimp
chimp/000012/02.png,12,chimp
chimp/000016/04.png,16,chimp
chimp/000018/08.png,18,chimp
chimp/000019/01.png,19,chimp
chimp/000020/02.png,20,chimp
chimp/000021/13.png,21,chimp
chimp/000022/03.png,22,chimp
chimp/000023/01.png,23,chimp
chimp/000024/03.png,24,chimp
chimp/000026/10.png,26,chimp
chimp/000027/00.png,27,chimp
chimp/000028/02.png,28,chimp
chimp/000029/02.png,29,chimp
chimp/000031/05.png,31,chimp
chimp/000032/00.png,32,chimp
chimp/000033/15.png,33,chimp
chimp/000034/12.png,34,chimp
chimp/000035/02.png,35,chimp
chimp/000036/13.png,36,chimp
chimp/000037/03.png,37,chimp
chimp/000038/00.png,38,chimp
chimp/000039/05.png,39,chimp
chimp/000041/09.png,41,chimp
chimp/000042/11.png,42,chimp
chimp/000043/06.png,43,chimp
chimp/000044/01.png,44,chimp
chimp/000045/06.png,45,chimp
chimp/000046/04.png,46,chimp
chimp/000047/06.png,47,chimp
chimp/000048/02.png,48,chimp
chimp/000049/05.png,49,chimp
chimp/000050/18.png,50,chimp
chimp/000051/00.png,51,chimp
chimp/000052/02.png,52,chimp
chimp/000053/01.png,53,chimp
chimp/000054/05.png,54,chimp
chimp/000055/05.png,55,chimp
chimp/000057/00.png,57,chimp
chimp/000058/00.png,58,chimp
chimp/000059/06.png,59,chimp
chimp/000061/06.png,61,chimp
chimp/000062/02.png,62,chimp
chimp/000063/00.png,63,chimp
chimp/000064/34.png,64,chimp
chimp/000065/04.png,65,chimp
chimp/000066/03.png,66,chimp
chimp/000067/04.png,67,chimp
chimp/000068/07.png,68,chimp
chimp/000069/00.png,69,chimp
chimp/000070/09.png,70,chimp
chimp/000071/12.png,71,chimp
chimp/000072/02.png,72,chimp
chimp/000073/01.png,73,chimp
chimp/000074/07.png,74,chimp
chimp/000075/06.png,75,chimp
chimp/000076/00.png,76,chimp
chimp/000077/03.png,77,chimp
chimp/000078/03.png,78,chimp
chimp/000080/09.png,80,chimp
chimp/000081/14.png,81,chimp
chimp/000082/07.png,82,chimp
chimp/000084/01.png,84,chimp
chimp/000085/02.png,85,chimp
chimp/000086/17.png,86,chimp
chimp/000089/01.png,89,chimp
chimp/000090/06.png,90,chimp
chimp/000091/02.png,91,chimp
chimp/000092/03.png,92,chimp
chimp/000093/04.png,93,chimp
chimp/000094/05.png,94,chimp
chimp/000097/02.png,97,chimp
chimp/000098/07.png,98,chimp
chimp/000101/01.png,101,chimp
chimp/000103/02.png,103,chimp
chimp/000104/02.png,104,chimp
chimp/000106/01.png,106,chimp
chimp/000107/00.png,107,chimp
chimp/000108/12.png,108,chimp
chimp/000109/05.png,109,chimp
chimp/000110/06.png,110,chimp
chimp/000111/03.png,111,chimp
chimp/000112/07.png,112,chimp
chimp/000113/03.png,113,chimp
chimp/000114/06.png,114,chimp
chimp/000115/07.png,115,chimp
chimp/000116/09.png,116,chimp
chimp/000117/03.png,117,chimp
chimp/000120/02.png,120,chimp
chimp/000122/06.png,122,chimp
chimp/000125/00.png,125,chimp
chimp/000126/00.png,126,chimp
chimp/000128/06.png,128,chimp
chimp/000129/05.png,129,chimp
chimp/000130/02.png,130,chimp
chimp/000131/02.png,131,chimp
chimp/000132/09.png,132,chimp
chimp/000133/07.png,133,chimp
chimp/000134/02.png,134,chimp
chimp/000135/02.png,135,chimp
chimp/000136/07.png,136,chimp
chimp/000137/06.png,137,chimp
chimp/000138/08.png,138,chimp
chimp/000140/03.png,140,chimp
chimp/000141/01.png,141,chimp
chimp/000142/15.png,142,chimp
chimp/000143/04.png,143,chimp
chimp/000144/07.png,144,chimp
chimp/000146/04.png,146,chimp
chimp/000147/24.png,147,chimp
chimp/000148/04.png,148,chimp
chimp/000149/03.png,149,chimp
chimp/000152/13.png,152,chimp
chimp/000153/06.png,153,chimp
chimp/000154/01.png,154,chimp
chimp/000156/02.png,156,chimp
chimp/000158/09.png,158,chimp
chimp/000159/18.png,159,chimp
chimp/000160/06.png,160,chimp
chimp/000162/01.png,162,chimp
chimp/000165/09.png,165,chimp
chimp/000166/04.png,166,chimp
chimp/000167/02.png,167,chimp
chimp/000168/04.png,168,chimp
chimp/000169/01.png,169,chimp
chimp/000170/11.png,170,chimp
chimp/000171/08.png,171,chimp
chimp/000173/05.png,173,chimp
chimp/000174/18.png,174,chimp
chimp/000175/02.png,175,chimp
chimp/000177/07.png,177,chimp
chimp/000178/12.png,178,chimp
chimp/000179/01.png,179,chimp
chimp/000180/04.png,180,chimp
chimp/000182/00.png,182,chimp
chimp/000184/13.png,184,chimp
chimp/000185/00.png,185,chimp
chimp/000186/03.png,186,chimp
chimp/000188/12.png,188,chimp
chimp/000189/04.png,189,chimp
chimp/000190/11.png,190,chimp
chimp/000191/10.png,191,chimp
chimp/000192/00.png,192,chimp
chimp/000193/04.png,193,chimp
chimp/000195/10.png,195,chimp
chimp/000196/05.png,196,chimp
chimp/000197/12.png,197,chimp
chimp/000198/06.png,198,chimp
chimp/000199/03.png,199,chimp
chimp/000200/02.png,200,chimp
chimp/000204/01.png,204,chimp
chimp/000205/08.png,205,chimp
chimp/000206/04.png,206,chimp
chimp/000207/02.png,207,chimp
chimp/000208/03.png,208,chimp
chimp/000211/04.png,211,chimp
chimp/000213/02.png,213,chimp
chimp/000215/01.png,215,chimp
chimp/000217/00.png,217,chimp
chimp/000218/04.png,218,chimp
chimp/000219/00.png,219,chimp
chimp/000222/04.png,222,chimp
chimp/000224/03.png,224,chimp
chimp/000227/01.png,227,chimp
chimp/000228/01.png,228,chimp
chimp/000230/00.png,230,chimp
chimp/000232/02.png,232,chimp
chimp/000235/02.png,235,chimp
chimp/000243/00.png,243,chimp
chimp/000244/00.png,244,chimp
chimp/000245/07.png,245,chimp
chimp/000247/04.png,247,chimp
chimp/000249/02.png,249,chimp
chimp/000252/01.png,252,chimp
chimp/000253/02.png,253,chimp
chimp/000255/04.png,255,chimp
chimp/000265/04.png,265,chimp
chimp/000266/01.png,266,chimp
chimp/000269/05.png,269,chimp
chimp/000276/01.png,276,chimp
chimp/000277/05.png,277,chimp
chimp/000279/04.png,279,chimp
chimp/000282/02.png,282,chimp
chimp/000283/03.png,283,chimp
chimp/000284/01.png,284,chimp
chimp/000285/03.png,285,chimp
chimp/000294/00.png,294,chimp
chimp/000301/04.png,301,chimp
chimp/000303/04.png,303,chimp
chimp/000305/03.png,305,chimp
chimp/000314/00.png,314,chimp
chimp/000317/02.png,317,chimp
chimp/000318/02.png,318,chimp
chimp/000319/00.png,319,chimp
chimp/000328/00.png,328,chimp
chimp/000329/05.png,329,chimp
chimp/000330/01.png,330,chimp
chimp/000332/03.png,332,chimp
chimp/000335/02.png,335,chimp
chimp/000338/03.png,338,chimp
chimp/000339/02.png,339,chimp
chimp/000344/02.png,344,chimp
chimp/000353/01.png,353,chimp
chimp/000356/00.png,356,chimp
chimp/000359/01.png,359,chimp
chimp/000361/04.png,361,chimp
chimp/000369/05.png,369,chimp
chimp/000372/04.png,372,chimp
chimp/000374/03.png,374,chimp
chimp/000375/03.png,375,chimp
chimp/000378/03.png,378,chimp
chimp/000381/03.png,381,chimp
chimp/000382/00.png,382,chimp
chimp/000384/04.png,384,chimp
chimp/000389/01.png,389,chimp
chimp/000390/02.png,390,chimp
chimp/000392/01.png,392,chimp
chimp/000393/04.png,393,chimp
chimp/000396/07.png,396,chimp
chimp/000397/05.png,397,chimp
chimp/000399/04.png,399,chimp
chimp/000401/02.png,401,chimp
chimp/000405/00.png,405,chimp
chimp/000406/05.png,406,chimp
chimp/000408/01.png,408,chimp
chimp/000411/01.png,411,chimp
chimp/000412/05.png,412,chimp
chimp/000413/09.png,413,chimp
chimp/000414/04.png,414,chimp
chimp/000415/00.png,415,chimp
chimp/000417/03.png,417,chimp
chimp/000419/01.png,419,chimp
chimp/000421/04.png,421,chimp
chimp/000423/00.png,423,chimp
chimp/000425/05.png,425,chimp
chimp/000428/00.png,428,chimp
chimp/000429/06.png,429,chimp
chimp/000432/04.png,432,chimp
chimp/000433/09.png,433,chimp
chimp/000436/04.png,436,chimp
chimp/000438/03.png,438,chimp
dog/000001/00.png,1,dog
dog/000002/03.png,2,dog
dog/000005/00.png,5,dog
dog/000009/05.png,9,dog
dog/000010/01.png,10,dog
dog/000013/00.png,13,dog
dog/000014/00.png,14,dog
dog/000016/01.png,16,dog
dog/000022/04.png,22,dog
dog/000023/02.png,23,dog
dog/000024/04.png,24,dog
dog/000025/04.png,25,dog
dog/000027/02.png,27,dog
dog/000030/02.png,30,dog
dog/000031/04.png,31,dog
dog/000032/03.png,32,dog
dog/000036/01.png,36,dog
dog/000043/03.png,43,dog
dog/000044/01.png,44,dog
dog/000045/01.png,45,dog
dog/000046/04.png,46,dog
dog/000048/02.png,48,dog
dog/000049/03.png,49,dog
dog/000051/03.png,51,dog
dog/000052/05.png,52,dog
dog/000053/00.png,53,dog
dog/000056/02.png,56,dog
dog/000060/05.png,60,dog
dog/000061/00.png,61,dog
dog/000067/03.png,67,dog
dog/000075/04.png,75,dog
dog/000076/03.png,76,dog
dog/000079/01.png,79,dog
dog/000086/03.png,86,dog
dog/000087/04.png,87,dog
dog/000088/02.png,88,dog
dog/000093/05.png,93,dog
dog/000113/03.png,113,dog
dog/000122/01.png,122,dog
dog/000129/03.png,129,dog
dog/000141/00.png,141,dog
dog/000154/04.png,154,dog
dog/000159/00.png,159,dog
dog/000160/03.png,160,dog
dog/000164/00.png,164,dog
dog/000168/04.png,168,dog
dog/000169/02.png,169,dog
dog/000174/05.png,174,dog
dog/000179/00.png,179,dog
dog/000184/02.png,184,dog
dog/000196/02.png,196,dog
dog/000197/04.png,197,dog
dog/000218/00.png,218,dog
dog/000228/04.png,228,dog
dog/000236/00.png,236,dog
dog/000237/01.png,237,dog
dog/000242/02.png,242,dog
dog/000244/02.png,244,dog
dog/000247/01.png,247,dog
dog/000248/01.png,248,dog
dog/000258/00.png,258,dog
dog/000260/05.png,260,dog
dog/000261/02.png,261,dog
dog/000268/04.png,268,dog
dog/000274/02.png,274,dog
dog/000278/00.png,278,dog
dog/000283/01.png,283,dog
dog/000294/00.png,294,dog
dog/000295/01.png,295,dog
dog/000300/04.png,300,dog
dog/000309/00.png,309,dog
dog/000312/00.png,312,dog
dog/000315/04.png,315,dog
dog/000325/00.png,325,dog
dog/000339/05.png,339,dog
dog/000359/02.png,359,dog
dog/000367/01.png,367,dog
dog/000371/05.png,371,dog
dog/000377/04.png,377,dog
dog/000378/00.png,378,dog
dog/000382/04.png,382,dog
dog/000387/01.png,387,dog
dog/000423/01.png,423,dog
dog/000425/02.png,425,dog
dog/000428/05.png,428,dog
dog/000433/05.png,433,dog
dog/000450/00.png,450,dog
dog/000465/02.png,465,dog
dog/000475/02.png,475,dog
dog/000478/04.png,478,dog
dog/000485/01.png,485,dog
dog/000496/01.png,496,dog
dog/000498/00.png,498,dog
dog/000501/03.png,501,dog
dog/000502/01.png,502,dog
dog/000506/04.png,506,dog
dog/000515/05.png,515,dog
dog/000533/02.png,533,dog
dog/000539/00.png,539,dog
dog/000540/05.png,540,dog
dog/000552/00.png,552,dog
dog/000556/05.png,556,dog
dog/000563/04.png,563,dog
dog/000567/03.png,567,dog
dog/000572/05.png,572,dog
dog/000581/05.png,581,dog
dog/000598/03.png,598,dog
dog/000604/06.png,604,dog
dog/000611/04.png,611,dog
dog/000616/02.png,616,dog
dog/000646/01.png,646,dog
dog/000650/04.png,650,dog
dog/000662/03.png,662,dog
dog/000665/01.png,665,dog
dog/000683/03.png,683,dog
dog/000685/02.png,685,dog
dog/000703/03.png,703,dog
dog/000712/01.png,712,dog
dog/000714/04.png,714,dog
dog/000715/03.png,715,dog
dog/000716/01.png,716,dog
dog/000721/03.png,721,dog
dog/000722/04.png,722,dog
dog/000737/03.png,737,dog
dog/000743/04.png,743,dog
dog/000754/05.png,754,dog
dog/000758/02.png,758,dog
dog/000776/02.png,776,dog
dog/000778/03.png,778,dog
dog/000781/03.png,781,dog
dog/000782/05.png,782,dog
dog/000799/03.png,799,dog
dog/000803/04.png,803,dog
dog/000808/04.png,808,dog
dog/000822/03.png,822,dog
dog/000838/01.png,838,dog
dog/000840/05.png,840,dog
dog/000857/01.png,857,dog
dog/000860/03.png,860,dog
dog/000872/04.png,872,dog
dog/000879/03.png,879,dog
dog/000883/02.png,883,dog
dog/000894/05.png,894,dog
dog/000911/02.png,911,dog
dog/000916/00.png,916,dog
dog/000926/04.png,926,dog
dog/000940/05.png,940,dog
dog/000966/02.png,966,dog
dog/000985/03.png,985,dog
dog/001011/04.png,1011,dog
dog/001013/05.png,1013,dog
dog/001018/03.png,1018,dog
dog/001021/03.png,1021,dog
dog/001023/03.png,1023,dog
dog/001027/01.png,1027,dog
dog/001029/04.png,1029,dog
dog/001062/05.png,1062,dog
dog/001077/01.png,1077,dog
dog/001084/01.png,1084,dog
dog/001086/03.png,1086,dog
dog/001100/03.png,1100,dog
dog/001125/05.png,1125,dog
dog/001129/00.png,1129,dog
dog/001132/04.png,1132,dog
dog/001140/05.png,1140,dog
dog/001145/00.png,1145,dog
dog/001147/00.png,1147,dog
dog/001149/00.png,1149,dog
dog/001152/04.png,1152,dog
dog/001158/04.png,1158,dog
dog/001159/02.png,1159,dog
dog/001162/02.png,1162,dog
dog/001168/07.png,1168,dog
dog/001169/03.png,1169,dog
dog/001172/07.png,1172,dog
dog/001173/02.png,1173,dog
dog/001174/03.png,1174,dog
dog/001176/07.png,1176,dog
dog/001178/01.png,1178,dog
dog/001773/05.png,1773,dog
dog/001776/01.png,1776,dog
dog/001778/00.png,1778,dog
dog/001780/02.png,1780,dog
dog/001781/00.png,1781,dog
dog/001782/04.png,1782,dog
dog/001784/00.png,1784,dog
dog/001789/02.png,1789,dog
dog/001791/04.png,1791,dog
dog/001797/01.png,1797,dog
dog/001800/02.png,1800,dog
dog/001804/05.png,1804,dog
dog/001813/03.png,1813,dog
dog/001814/05.png,1814,dog
dog/001825/02.png,1825,dog
dog/001833/03.png,1833,dog
dog/001835/02.png,1835,dog
dog/001838/00.png,1838,dog
dog/001840/01.png,1840,dog
dog/001858/00.png,1858,dog
dog/001861/00.png,1861,dog
dog/001863/02.png,1863,dog
dog/001864/03.png,1864,dog
dog/001866/04.png,1866,dog
dog/001871/04.png,1871,dog
dog/001873/04.png,1873,dog
dog/001880/03.png,1880,dog
dog/001884/01.png,1884,dog
dog/001888/02.png,1888,dog
dog/001889/02.png,1889,dog
dog/001890/05.png,1890,dog
dog/001898/01.png,1898,dog
dog/001899/03.png,1899,dog
dog/001905/00.png,1905,dog
dog/001912/03.png,1912,dog
dog/001914/03.png,1914,dog
dog/001915/05.png,1915,dog
dog/001938/01.png,1938,dog
dog/001941/00.png,1941,dog
dog/001944/02.png,1944,dog
dog/001965/04.png,1965,dog
dog/001969/01.png,1969,dog
dog/001970/05.png,1970,dog
dog/001971/00.png,1971,dog
dog/001975/05.png,1975,dog
dog/001976/04.png,1976,dog
dog/001977/05.png,1977,dog
dog/001980/01.png,1980,dog
dog/001984/00.png,1984,dog
dog/001987/05.png,1987,dog
dog/001995/00.png,1995,dog
dog/001998/01.png,1998,dog
dog/002000/03.png,2000,dog
dog/002014/03.png,2014,dog
dog/002019/00.png,2019,dog
dog/002021/00.png,2021,dog
dog/002024/00.png,2024,dog
dog/002026/04.png,2026,dog
dog/002028/02.png,2028,dog
dog/002030/03.png,2030,dog
dog/002033/03.png,2033,dog
dog/002034/03.png,2034,dog
dog/002036/00.png,2036,dog
dog/002038/03.png,2038,dog
dog/002042/01.png,2042,dog
dog/002044/04.png,2044,dog
dog/002050/04.png,2050,dog
dog/002051/05.png,2051,dog
dog/002054/03.png,2054,dog
dog/002055/01.png,2055,dog
dog/002056/03.png,2056,dog
ferret/000000/01.png,0,ferret
ferret/000001/03.png,1,ferret
ferret/000002/00.png,2,ferret
ferret/000003/03.png,3,ferret
ferret/000004/00.png,4,ferret
ferret/000005/01.png,5,ferret
ferret/000006/02.png,6,ferret
ferret/000008/04.png,8,ferret
ferret/000010/00.png,10,ferret
ferret/000011/00.png,11,ferret
ferret/000013/04.png,13,ferret
ferret/000014/02.png,14,ferret
ferret/000015/01.png,15,ferret
ferret/000016/06.png,16,ferret
ferret/000017/02.png,17,ferret
ferret/000018/03.png,18,ferret
ferret/000019/09.png,19,ferret
ferret/000020/03.png,20,ferret
ferret/000021/02.png,21,ferret
ferret/000022/01.png,22,ferret
ferret/000023/05.png,23,ferret
ferret/000024/00.png,24,ferret
ferret/000025/05.png,25,ferret
ferret/000026/00.png,26,ferret
ferret/000027/03.png,27,ferret
ferret/000028/01.png,28,ferret
ferret/000029/04.png,29,ferret
ferret/000030/03.png,30,ferret
ferret/000031/02.png,31,ferret
ferret/000032/07.png,32,ferret
ferret/000033/01.png,33,ferret
ferret/000034/03.png,34,ferret
ferret/000035/02.png,35,ferret
ferret/000036/09.png,36,ferret
ferret/000037/07.png,37,ferret
ferret/000038/02.png,38,ferret
ferret/000039/05.png,39,ferret
ferret/000040/00.png,40,ferret
ferret/000041/08.png,41,ferret
ferret/000042/00.png,42,ferret
ferret/000043/02.png,43,ferret
ferret/000044/00.png,44,ferret
ferret/000045/02.png,45,ferret
ferret/000046/07.png,46,ferret
ferret/000049/08.png,49,ferret
ferret/000050/01.png,50,ferret
ferret/000051/07.png,51,ferret
ferret/000052/01.png,52,ferret
ferret/000053/05.png,53,ferret
ferret/000057/01.png,57,ferret
ferret/000058/05.png,58,ferret
ferret/000059/02.png,59,ferret
ferret/000060/08.png,60,ferret
ferret/000062/02.png,62,ferret
ferret/000064/02.png,64,ferret
ferret/000065/01.png,65,ferret
ferret/000069/03.png,69,ferret
ferret/000075/03.png,75,ferret
ferret/000081/01.png,81,ferret
ferret/000083/01.png,83,ferret
ferret/000084/00.png,84,ferret
ferret/000085/02.png,85,ferret
ferret/000086/00.png,86,ferret
ferret/000088/00.png,88,ferret
ferret/000096/00.png,96,ferret
ferret/000097/02.png,97,ferret
ferret/000098/03.png,98,ferret
ferret/000099/01.png,99,ferret
ferret/000100/04.png,100,ferret
ferret/000101/02.png,101,ferret
ferret/000104/02.png,104,ferret
ferret/000105/00.png,105,ferret
ferret/000106/01.png,106,ferret
ferret/000107/04.png,107,ferret
ferret/000110/04.png,110,ferret
ferret/000111/00.png,111,ferret
ferret/000113/02.png,113,ferret
ferret/000114/00.png,114,ferret
ferret/000116/01.png,116,ferret
ferret/000117/01.png,117,ferret
ferret/000118/02.png,118,ferret
ferret/000119/06.png,119,ferret
ferret/000122/06.png,122,ferret
ferret/000123/00.png,123,ferret
ferret/000124/03.png,124,ferret
ferret/000126/01.png,126,ferret
ferret/000127/04.png,127,ferret
ferret/000128/00.png,128,ferret
ferret/000129/01.png,129,ferret
ferret/000131/01.png,131,ferret
ferret/000133/03.png,133,ferret
ferret/000137/00.png,137,ferret
ferret/000145/03.png,145,ferret
ferret/000146/02.png,146,ferret
ferret/000147/01.png,147,ferret
ferret/000148/03.png,148,ferret
ferret/000149/02.png,149,ferret
ferret/000150/00.png,150,ferret
ferret/000151/01.png,151,ferret
ferret/000152/02.png,152,ferret
ferret/000153/03.png,153,ferret
ferret/000154/00.png,154,ferret
ferret/000155/03.png,155,ferret
ferret/000156/00.png,156,ferret
ferret/000157/00.png,157,ferret
ferret/000158/01.png,158,ferret
ferret/000159/00.png,159,ferret
ferret/000160/03.png,160,ferret
ferret/000161/02.png,161,ferret
ferret/000162/01.png,162,ferret
ferret/000163/01.png,163,ferret
ferret/000164/01.png,164,ferret
ferret/000166/02.png,166,ferret
ferret/000167/02.png,167,ferret
ferret/000169/00.png,169,ferret
ferret/000170/03.png,170,ferret
ferret/000171/03.png,171,ferret
ferret/000172/02.png,172,ferret
ferret/000173/00.png,173,ferret
ferret/000174/03.png,174,ferret
ferret/000175/03.png,175,ferret
ferret/000176/03.png,176,ferret
ferret/000177/01.png,177,ferret
ferret/000179/02.png,179,ferret
ferret/000181/03.png,181,ferret
ferret/000182/01.png,182,ferret
ferret/000183/03.png,183,ferret
ferret/000184/01.png,184,ferret
ferret/000185/01.png,185,ferret
ferret/000186/03.png,186,ferret
ferret/000187/02.png,187,ferret
ferret/000188/02.png,188,ferret
ferret/000189/01.png,189,ferret
ferret/000190/01.png,190,ferret
ferret/000191/01.png,191,ferret
ferret/000192/02.png,192,ferret
ferret/000193/00.png,193,ferret
ferret/000194/01.png,194,ferret
ferret/000195/04.png,195,ferret
ferret/000196/03.png,196,ferret
ferret/000197/03.png,197,ferret
ferret/000198/01.png,198,ferret
ferret/000199/03.png,199,ferret
ferret/000200/03.png,200,ferret
ferret/000201/03.png,201,ferret
ferret/000202/01.png,202,ferret
ferret/000203/03.png,203,ferret
ferret/000204/04.png,204,ferret
ferret/000205/01.png,205,ferret
ferret/000206/00.png,206,ferret
ferret/000207/02.png,207,ferret
ferret/000208/04.png,208,ferret
ferret/000209/02.png,209,ferret
ferret/000210/03.png,210,ferret
ferret/000211/01.png,211,ferret
ferret/000212/02.png,212,ferret
ferret/000213/00.png,213,ferret
ferret/000214/01.png,214,ferret
ferret/000215/02.png,215,ferret
ferret/000216/00.png,216,ferret
ferret/000217/00.png,217,ferret
ferret/000218/01.png,218,ferret
ferret/000219/00.png,219,ferret
ferret/000220/01.png,220,ferret
ferret/000221/01.png,221,ferret
ferret/000222/03.png,222,ferret
ferret/000223/03.png,223,ferret
ferret/000224/01.png,224,ferret
ferret/000225/02.png,225,ferret
ferret/000226/03.png,226,ferret
ferret/000227/02.png,227,ferret
ferret/000228/01.png,228,ferret
ferret/000229/02.png,229,ferret
ferret/000230/03.png,230,ferret
ferret/000231/00.png,231,ferret
ferret/000232/02.png,232,ferret
ferret/000233/02.png,233,ferret
ferret/000234/01.png,234,ferret
ferret/000235/03.png,235,ferret
ferret/000236/01.png,236,ferret
ferret/000237/00.png,237,ferret
ferret/000238/00.png,238,ferret
ferret/000239/02.png,239,ferret
ferret/000240/00.png,240,ferret
ferret/000241/00.png,241,ferret
ferret/000242/01.png,242,ferret
ferret/000243/00.png,243,ferret
ferret/000245/01.png,245,ferret
ferret/000246/02.png,246,ferret
ferret/000247/01.png,247,ferret
ferret/000299/03.png,299,ferret
ferret/000301/01.png,301,ferret
ferret/000306/04.png,306,ferret
ferret/000310/00.png,310,ferret
ferret/000312/01.png,312,ferret
ferret/000313/03.png,313,ferret
ferret/000314/01.png,314,ferret
ferret/000316/04.png,316,ferret
ferret/000318/03.png,318,ferret
ferret/000320/01.png,320,ferret
ferret/000321/05.png,321,ferret
ferret/000324/04.png,324,ferret
ferret/000330/01.png,330,ferret
ferret/000336/03.png,336,ferret
ferret/000339/02.png,339,ferret
ferret/000340/04.png,340,ferret
ferret/000344/05.png,344,ferret
ferret/000348/02.png,348,ferret
ferret/000350/03.png,350,ferret
ferret/000352/00.png,352,ferret
ferret/000354/01.png,354,ferret
ferret/000357/04.png,357,ferret
ferret/000358/05.png,358,ferret
ferret/000361/02.png,361,ferret
ferret/000363/00.png,363,ferret
ferret/000364/00.png,364,ferret
ferret/000372/02.png,372,ferret
ferret/000373/00.png,373,ferret
ferret/000374/02.png,374,ferret
ferret/000376/00.png,376,ferret
ferret/000377/04.png,377,ferret
ferret/000378/00.png,378,ferret
ferret/000379/03.png,379,ferret
ferret/000381/02.png,381,ferret
ferret/000382/02.png,382,ferret
ferret/000383/01.png,383,ferret
ferret/000389/01.png,389,ferret
ferret/000395/04.png,395,ferret
ferret/000401/04.png,401,ferret
ferret/000412/05.png,412,ferret
ferret/000475/02.png,475,ferret
ferret/000483/03.png,483,ferret
ferret/000485/04.png,485,ferret
ferret/000490/03.png,490,ferret
ferret/000492/03.png,492,ferret
ferret/000506/04.png,506,ferret
ferret/000526/01.png,526,ferret
ferret/000540/02.png,540,ferret
ferret/000541/03.png,541,ferret
ferret/000553/00.png,553,ferret
ferret/000558/03.png,558,ferret
ferret/000564/00.png,564,ferret
ferret/000580/03.png,580,ferret
ferret/000585/03.png,585,ferret
ferret/000594/02.png,594,ferret
ferret/000598/04.png,598,ferret
ferret/000610/01.png,610,ferret
ferret/000620/02.png,620,ferret
ferret/000622/02.png,622,ferret
ferret/000645/00.png,645,ferret
javasparrow/000000/01.png,0,javasparrow
javasparrow/000006/03.png,6,javasparrow
javasparrow/000007/03.png,7,javasparrow
javasparrow/000008/04.png,8,javasparrow
javasparrow/000009/04.png,9,javasparrow
javasparrow/000010/02.png,10,javasparrow
javasparrow/000012/01.png,12,javasparrow
javasparrow/000013/00.png,13,javasparrow
javasparrow/000016/00.png,16,javasparrow
javasparrow/000019/03.png,19,javasparrow
javasparrow/000020/06.png,20,javasparrow
javasparrow/000021/10.png,21,javasparrow
javasparrow/000025/02.png,25,javasparrow
javasparrow/000029/00.png,29,javasparrow
javasparrow/000030/04.png,30,javasparrow
javasparrow/000031/02.png,31,javasparrow
javasparrow/000033/01.png,33,javasparrow
javasparrow/000034/01.png,34,javasparrow
javasparrow/000035/04.png,35,javasparrow
javasparrow/000036/05.png,36,javasparrow
javasparrow/000038/05.png,38,javasparrow
javasparrow/000041/01.png,41,javasparrow
javasparrow/000043/03.png,43,javasparrow
javasparrow/000045/02.png,45,javasparrow
javasparrow/000047/11.png,47,javasparrow
javasparrow/000050/00.png,50,javasparrow
javasparrow/000051/03.png,51,javasparrow
javasparrow/000052/00.png,52,javasparrow
javasparrow/000055/05.png,55,javasparrow
javasparrow/000056/03.png,56,javasparrow
javasparrow/000058/01.png,58,javasparrow
javasparrow/000062/04.png,62,javasparrow
javasparrow/000063/05.png,63,javasparrow
javasparrow/000065/02.png,65,javasparrow
javasparrow/000066/02.png,66,javasparrow
javasparrow/000067/04.png,67,javasparrow
javasparrow/000069/01.png,69,javasparrow
javasparrow/000072/04.png,72,javasparrow
javasparrow/000073/01.png,73,javasparrow
javasparrow/000076/03.png,76,javasparrow
javasparrow/000077/07.png,77,javasparrow
javasparrow/000078/02.png,78,javasparrow
javasparrow/000080/04.png,80,javasparrow
javasparrow/000081/00.png,81,javasparrow
javasparrow/000082/05.png,82,javasparrow
javasparrow/000083/11.png,83,javasparrow
javasparrow/000084/14.png,84,javasparrow
javasparrow/000085/00.png,85,javasparrow
javasparrow/000086/05.png,86,javasparrow
javasparrow/000092/04.png,92,javasparrow
javasparrow/000093/05.png,93,javasparrow
javasparrow/000094/06.png,94,javasparrow
javasparrow/000098/02.png,98,javasparrow
javasparrow/000100/05.png,100,javasparrow
javasparrow/000101/00.png,101,javasparrow
javasparrow/000105/03.png,105,javasparrow
javasparrow/000109/04.png,109,javasparrow
javasparrow/000111/08.png,111,javasparrow
javasparrow/000116/08.png,116,javasparrow
javasparrow/000117/01.png,117,javasparrow
javasparrow/000121/05.png,121,javasparrow
javasparrow/000133/05.png,133,javasparrow
javasparrow/000136/00.png,136,javasparrow
javasparrow/000143/00.png,143,javasparrow
javasparrow/000144/03.png,144,javasparrow
javasparrow/000150/03.png,150,javasparrow
javasparrow/000160/02.png,160,javasparrow
javasparrow/000162/05.png,162,javasparrow
javasparrow/000167/07.png,167,javasparrow
javasparrow/000170/01.png,170,javasparrow
javasparrow/000172/02.png,172,javasparrow
javasparrow/000182/04.png,182,javasparrow
javasparrow/000185/02.png,185,javasparrow
javasparrow/000189/05.png,189,javasparrow
javasparrow/000192/04.png,192,javasparrow
javasparrow/000194/03.png,194,javasparrow
javasparrow/000196/02.png,196,javasparrow
javasparrow/000207/08.png,207,javasparrow
javasparrow/000210/01.png,210,javasparrow
javasparrow/000220/00.png,220,javasparrow
javasparrow/000225/13.png,225,javasparrow
javasparrow/000239/02.png,239,javasparrow
javasparrow/000242/00.png,242,javasparrow
javasparrow/000248/00.png,248,javasparrow
javasparrow/000249/06.png,249,javasparrow
javasparrow/000258/05.png,258,javasparrow
javasparrow/000260/04.png,260,javasparrow
javasparrow/000263/03.png,263,javasparrow
javasparrow/000268/06.png,268,javasparrow
javasparrow/000270/00.png,270,javasparrow
javasparrow/000271/03.png,271,javasparrow
javasparrow/000277/05.png,277,javasparrow
javasparrow/000280/04.png,280,javasparrow
javasparrow/000281/02.png,281,javasparrow
javasparrow/000282/16.png,282,javasparrow
javasparrow/000283/01.png,283,javasparrow
javasparrow/000287/01.png,287,javasparrow
javasparrow/000288/00.png,288,javasparrow
javasparrow/000289/01.png,289,javasparrow
javasparrow/000296/01.png,296,javasparrow
javasparrow/000297/02.png,297,javasparrow
javasparrow/000298/07.png,298,javasparrow
javasparrow/000300/04.png,300,javasparrow
javasparrow/000302/04.png,302,javasparrow
javasparrow/000303/19.png,303,javasparrow
javasparrow/000304/15.png,304,javasparrow
javasparrow/000305/11.png,305,javasparrow
javasparrow/000307/02.png,307,javasparrow
javasparrow/000312/00.png,312,javasparrow
javasparrow/000315/04.png,315,javasparrow
javasparrow/000316/01.png,316,javasparrow
javasparrow/000326/02.png,326,javasparrow
javasparrow/000343/02.png,343,javasparrow
javasparrow/000347/05.png,347,javasparrow
javasparrow/000348/04.png,348,javasparrow
javasparrow/000349/02.png,349,javasparrow
javasparrow/000350/03.png,350,javasparrow
javasparrow/000352/07.png,352,javasparrow
javasparrow/000356/01.png,356,javasparrow
javasparrow/000357/01.png,357,javasparrow
javasparrow/000365/01.png,365,javasparrow
javasparrow/000368/03.png,368,javasparrow
javasparrow/000372/04.png,372,javasparrow
javasparrow/000388/03.png,388,javasparrow
javasparrow/000390/05.png,390,javasparrow
javasparrow/000392/00.png,392,javasparrow
javasparrow/000410/00.png,410,javasparrow
javasparrow/000411/00.png,411,javasparrow
javasparrow/000423/02.png,423,javasparrow
javasparrow/000436/04.png,436,javasparrow
javasparrow/000453/03.png,453,javasparrow
javasparrow/000464/00.png,464,javasparrow
javasparrow/000488/00.png,488,javasparrow
javasparrow/000490/00.png,490,javasparrow
javasparrow/000502/02.png,502,javasparrow
javasparrow/000512/04.png,512,javasparrow
javasparrow/000518/00.png,518,javasparrow
javasparrow/000520/02.png,520,javasparrow
javasparrow/000532/02.png,532,javasparrow
javasparrow/000539/01.png,539,javasparrow
javasparrow/000543/03.png,543,javasparrow
javasparrow/000544/05.png,544,javasparrow
javasparrow/000546/05.png,546,javasparrow
javasparrow/000547/03.png,547,javasparrow
javasparrow/000551/04.png,551,javasparrow
javasparrow/000552/03.png,552,javasparrow
javasparrow/000553/10.png,553,javasparrow
javasparrow/000554/00.png,554,javasparrow
javasparrow/000555/06.png,555,javasparrow
javasparrow/000559/04.png,559,javasparrow
javasparrow/000560/02.png,560,javasparrow
javasparrow/000561/01.png,561,javasparrow
javasparrow/000562/00.png,562,javasparrow
javasparrow/000563/00.png,563,javasparrow
javasparrow/000565/03.png,565,javasparrow
javasparrow/000566/11.png,566,javasparrow
javasparrow/000569/02.png,569,javasparrow
javasparrow/000572/01.png,572,javasparrow
javasparrow/000573/10.png,573,javasparrow
javasparrow/000574/03.png,574,javasparrow
javasparrow/000593/02.png,593,javasparrow
javasparrow/000594/04.png,594,javasparrow
javasparrow/000595/02.png,595,javasparrow
javasparrow/000651/04.png,651,javasparrow
javasparrow/000663/04.png,663,javasparrow
javasparrow/000670/01.png,670,javasparrow
javasparrow/000671/03.png,671,javasparrow
javasparrow/000690/04.png,690,javasparrow
javasparrow/000691/03.png,691,javasparrow
javasparrow/000692/09.png,692,javasparrow
javasparrow/000694/07.png,694,javasparrow
javasparrow/000698/05.png,698,javasparrow
javasparrow/000701/01.png,701,javasparrow
javasparrow/000703/11.png,703,javasparrow
javasparrow/000705/10.png,705,javasparrow
javasparrow/000707/00.png,707,javasparrow
javasparrow/000708/00.png,708,javasparrow
javasparrow/000711/05.png,711,javasparrow
javasparrow/000712/04.png,712,javasparrow
javasparrow/000713/00.png,713,javasparrow
javasparrow/000714/06.png,714,javasparrow
javasparrow/000718/03.png,718,javasparrow
javasparrow/000719/04.png,719,javasparrow
javasparrow/000720/01.png,720,javasparrow
javasparrow/000721/03.png,721,javasparrow
javasparrow/000727/05.png,727,javasparrow
javasparrow/000728/12.png,728,javasparrow
javasparrow/000733/01.png,733,javasparrow
javasparrow/000740/05.png,740,javasparrow
javasparrow/000745/04.png,745,javasparrow
javasparrow/000746/01.png,746,javasparrow
javasparrow/000747/03.png,747,javasparrow
javasparrow/000755/08.png,755,javasparrow
javasparrow/000757/05.png,757,javasparrow
javasparrow/000761/04.png,761,javasparrow
javasparrow/000762/01.png,762,javasparrow
javasparrow/000763/04.png,763,javasparrow
javasparrow/000764/05.png,764,javasparrow
javasparrow/000765/08.png,765,javasparrow
javasparrow/000767/08.png,767,javasparrow
javasparrow/000770/11.png,770,javasparrow
javasparrow/000771/05.png,771,javasparrow
javasparrow/000772/06.png,772,javasparrow
javasparrow/000775/15.png,775,javasparrow
javasparrow/000776/03.png,776,javasparrow
javasparrow/000778/08.png,778,javasparrow
javasparrow/000781/02.png,781,javasparrow
javasparrow/000786/06.png,786,javasparrow
javasparrow/000791/02.png,791,javasparrow
javasparrow/000792/02.png,792,javasparrow
javasparrow/000800/03.png,800,javasparrow
javasparrow/000801/01.png,801,javasparrow
javasparrow/000803/09.png,803,javasparrow
javasparrow/000805/06.png,805,javasparrow
javasparrow/000810/03.png,810,javasparrow
javasparrow/000812/05.png,812,javasparrow
javasparrow/000817/07.png,817,javasparrow
javasparrow/000821/03.png,821,javasparrow
javasparrow/000822/01.png,822,javasparrow
javasparrow/000824/02.png,824,javasparrow
javasparrow/000826/03.png,826,javasparrow
javasparrow/000828/03.png,828,javasparrow
javasparrow/000844/00.png,844,javasparrow
javasparrow/000845/08.png,845,javasparrow
javasparrow/000846/21.png,846,javasparrow
javasparrow/000848/03.png,848,javasparrow
javasparrow/000851/09.png,851,javasparrow
javasparrow/000853/02.png,853,javasparrow
javasparrow/000854/02.png,854,javasparrow
javasparrow/000857/00.png,857,javasparrow
javasparrow/000858/01.png,858,javasparrow
javasparrow/000859/05.png,859,javasparrow
javasparrow/000861/08.png,861,javasparrow
javasparrow/000863/05.png,863,javasparrow
javasparrow/000870/09.png,870,javasparrow
javasparrow/000871/04.png,871,javasparrow
javasparrow/000873/03.png,873,javasparrow
javasparrow/000875/08.png,875,javasparrow
javasparrow/000876/01.png,876,javasparrow
javasparrow/000877/05.png,877,javasparrow
javasparrow/000880/06.png,880,javasparrow
javasparrow/000881/05.png,881,javasparrow
javasparrow/000882/08.png,882,javasparrow
javasparrow/000885/02.png,885,javasparrow
javasparrow/000887/05.png,887,javasparrow
javasparrow/000889/01.png,889,javasparrow
javasparrow/000890/01.png,890,javasparrow
javasparrow/000891/05.png,891,javasparrow
javasparrow/000900/05.png,900,javasparrow
javasparrow/000905/02.png,905,javasparrow
pig/000003/00.png,3,pig
pig/000004/01.png,4,pig
pig/000006/00.png,6,pig
pig/000008/01.png,8,pig
pig/000009/00.png,9,pig
pig/000010/01.png,10,pig
pig/000011/01.png,11,pig
pig/000012/02.png,12,pig
pig/000014/00.png,14,pig
pig/000015/02.png,15,pig
pig/000018/00.png,18,pig
pig/000021/00.png,21,pig
pig/000022/01.png,22,pig
pig/000023/00.png,23,pig
pig/000026/02.png,26,pig
pig/000029/01.png,29,pig
pig/000030/01.png,30,pig
pig/000031/00.png,31,pig
pig/000032/00.png,32,pig
pig/000033/02.png,33,pig
pig/000037/02.png,37,pig
pig/000038/00.png,38,pig
pig/000041/01.png,41,pig
pig/000042/01.png,42,pig
pig/000045/01.png,45,pig
pig/000047/01.png,47,pig
pig/000048/00.png,48,pig
pig/000049/02.png,49,pig
pig/000054/00.png,54,pig
pig/000057/02.png,57,pig
pig/000058/02.png,58,pig
pig/000059/00.png,59,pig
pig/000065/00.png,65,pig
pig/000068/00.png,68,pig
pig/000069/02.png,69,pig
pig/000070/01.png,70,pig
pig/000072/02.png,72,pig
pig/000073/00.png,73,pig
pig/000074/00.png,74,pig
pig/000078/00.png,78,pig
pig/000079/00.png,79,pig
pig/000081/02.png,81,pig
pig/000083/00.png,83,pig
pig/000085/00.png,85,pig
pig/000086/00.png,86,pig
pig/000087/00.png,87,pig
pig/000088/02.png,88,pig
pig/000092/00.png,92,pig
pig/000093/02.png,93,pig
pig/000094/02.png,94,pig
pig/000096/02.png,96,pig
pig/000100/02.png,100,pig
pig/000101/01.png,101,pig
pig/000102/02.png,102,pig
pig/000103/01.png,103,pig
pig/000105/01.png,105,pig
pig/000108/01.png,108,pig
pig/000109/01.png,109,pig
pig/000111/02.png,111,pig
pig/000112/02.png,112,pig
pig/000114/01.png,114,pig
pig/000115/01.png,115,pig
pig/000116/01.png,116,pig
pig/000117/01.png,117,pig
pig/000122/02.png,122,pig
pig/000123/00.png,123,pig
pig/000125/02.png,125,pig
pig/000128/01.png,128,pig
pig/000129/02.png,129,pig
pig/000133/01.png,133,pig
pig/000134/00.png,134,pig
pig/000137/01.png,137,pig
pig/000139/02.png,139,pig
pig/000140/01.png,140,pig
pig/000141/01.png,141,pig
pig/000143/00.png,143,pig
pig/000145/01.png,145,pig
pig/000147/02.png,147,pig
pig/000149/01.png,149,pig
pig/000151/02.png,151,pig
pig/000153/01.png,153,pig
pig/000154/01.png,154,pig
pig/000155/00.png,155,pig
pig/000158/00.png,158,pig
pig/000159/01.png,159,pig
pig/000160/02.png,160,pig
pig/000161/01.png,161,pig
pig/000162/01.png,162,pig
pig/000164/02.png,164,pig
pig/000165/02.png,165,pig
pig/000166/01.png,166,pig
pig/000167/00.png,167,pig
pig/000169/00.png,169,pig
pig/000170/02.png,170,pig
pig/000171/01.png,171,pig
pig/000172/00.png,172,pig
pig/000173/00.png,173,pig
pig/000174/00.png,174,pig
pig/000175/02.png,175,pig
pig/000176/01.png,176,pig
pig/000177/02.png,177,pig
pig/000178/01.png,178,pig
pig/000179/00.png,179,pig
pig/000181/02.png,181,pig
pig/000183/01.png,183,pig
pig/000186/01.png,186,pig
pig/000189/00.png,189,pig
pig/000190/01.png,190,pig
pig/000192/02.png,192,pig
pig/000193/01.png,193,pig
pig/000194/00.png,194,pig
pig/000195/01.png,195,pig
pig/000196/00.png,196,pig
pig/000198/02.png,198,pig
pig/000199/02.png,199,pig
pig/000201/02.png,201,pig
pig/000202/02.png,202,pig
pig/000203/02.png,203,pig
pig/000207/01.png,207,pig
pig/000210/02.png,210,pig
pig/000211/01.png,211,pig
pig/000214/02.png,214,pig
pig/000215/00.png,215,pig
pig/000216/02.png,216,pig
pig/000218/02.png,218,pig
pig/000219/01.png,219,pig
pig/000221/00.png,221,pig
pig/000222/02.png,222,pig
pig/000226/00.png,226,pig
pig/000227/00.png,227,pig
pig/000229/00.png,229,pig
pig/000230/01.png,230,pig
pig/000233/01.png,233,pig
pig/000236/00.png,236,pig
pig/000237/02.png,237,pig
pig/000239/00.png,239,pig
pig/000240/02.png,240,pig
pig/000241/00.png,241,pig
pig/000242/01.png,242,pig
pig/000243/00.png,243,pig
pig/000244/01.png,244,pig
pig/000245/00.png,245,pig
pig/000246/00.png,246,pig
pig/000251/01.png,251,pig
pig/000253/00.png,253,pig
pig/000254/00.png,254,pig
pig/000257/01.png,257,pig
pig/000258/00.png,258,pig
pig/000261/01.png,261,pig
pig/000262/01.png,262,pig
pig/000263/02.png,263,pig
pig/000264/00.png,264,pig
pig/000265/02.png,265,pig
pig/000271/00.png,271,pig
pig/000273/00.png,273,pig
pig/000276/02.png,276,pig
pig/000277/02.png,277,pig
pig/000278/02.png,278,pig
pig/000281/00.png,281,pig
pig/000282/01.png,282,pig
pig/000283/01.png,283,pig
pig/000284/01.png,284,pig
pig/000285/01.png,285,pig
pig/000286/00.png,286,pig
pig/000287/00.png,287,pig
pig/000288/02.png,288,pig
pig/000291/01.png,291,pig
pig/000293/00.png,293,pig
pig/000294/02.png,294,pig
pig/000295/02.png,295,pig
pig/000296/01.png,296,pig
pig/000297/02.png,297,pig
pig/000300/00.png,300,pig
pig/000301/00.png,301,pig
pig/000302/00.png,302,pig
pig/000303/01.png,303,pig
pig/000304/02.png,304,pig
pig/000305/02.png,305,pig
pig/000306/02.png,306,pig
pig/000308/01.png,308,pig
pig/000309/02.png,309,pig
pig/000311/02.png,311,pig
pig/000312/01.png,312,pig
pig/000314/02.png,314,pig
pig/000315/00.png,315,pig
pig/000316/00.png,316,pig
pig/000319/02.png,319,pig
pig/000321/00.png,321,pig
pig/000322/01.png,322,pig
pig/000325/02.png,325,pig
pig/000328/02.png,328,pig
pig/000329/00.png,329,pig
pig/000330/01.png,330,pig
pig/000334/02.png,334,pig
pig/000336/00.png,336,pig
pig/000338/00.png,338,pig
pig/000339/02.png,339,pig
pig/000340/02.png,340,pig
pig/000341/02.png,341,pig
pig/000343/02.png,343,pig
pig/000344/02.png,344,pig
pig/000346/01.png,346,pig
pig/000347/01.png,347,pig
pig/000348/02.png,348,pig
pig/000349/01.png,349,pig
pig/000350/02.png,350,pig
pig/000351/01.png,351,pig
pig/000352/02.png,352,pig
pig/000354/01.png,354,pig
pig/000356/00.png,356,pig
pig/000357/02.png,357,pig
pig/000358/02.png,358,pig
pig/000359/00.png,359,pig
pig/000360/00.png,360,pig
pig/000361/00.png,361,pig
pig/000362/00.png,362,pig
pig/000364/00.png,364,pig
pig/000365/00.png,365,pig
pig/000367/01.png,367,pig
pig/000368/00.png,368,pig
pig/000374/02.png,374,pig
pig/000375/01.png,375,pig
pig/001041/00.png,1041,pig
pig/001047/05.png,1047,pig
pig/001048/03.png,1048,pig
pig/001049/02.png,1049,pig
pig/001050/03.png,1050,pig
pig/001054/02.png,1054,pig
pig/001056/04.png,1056,pig
pig/001066/03.png,1066,pig
pig/001068/00.png,1068,pig
pig/001069/05.png,1069,pig
pig/001085/00.png,1085,pig
pig/001094/04.png,1094,pig
pig/001097/04.png,1097,pig
pig/001100/01.png,1100,pig
pig/001102/02.png,1102,pig
pig/001105/01.png,1105,pig
pig/001108/02.png,1108,pig
pig/001121/02.png,1121,pig
pig/001124/00.png,1124,pig
pig/001125/00.png,1125,pig
pig/001127/04.png,1127,pig
pig/001134/00.png,1134,pig
pig/001140/02.png,1140,pig
pig/001144/03.png,1144,pig
pig/001147/01.png,1147,pig
pig/001154/02.png,1154,pig
pig/001166/00.png,1166,pig
pig/001168/03.png,1168,pig
